iter	MAE
0	0.5501478296
1	0.5486576604
2	0.5477863453
3	0.5469116001
4	0.5460147302
5	0.5452868374
6	0.5446136341
7	0.5433916673
8	0.542814457
9	0.5420232742
