iter	Logloss	AUC
0	0.6003694739	0.7265695358
1	0.4883381419	0.8343490556
2	0.4541726868	0.8621163694
3	0.4421115564	0.8713349163
4	0.436101483	0.8756927438
5	0.4325407747	0.8789821144
6	0.4303720196	0.8803361287
7	0.4288876178	0.8811557414
8	0.4230201965	0.88534304
9	0.4214007402	0.886256152
